,dtfk1,ft1,dtsk1,dtfk2,ft2,dtsk2,dtfk3,ft3,dtsk3,dtfk4,ft4,dtsk4,dtfk5,ft5,dtsk5,dtfk6,ft6,dtsk6,dtfk7,ft7,dtsk7,dtfk8,ft8,dtsk8,dtfk9,ft9,dtsk9,dtfk10,ft10,dtsk10,dtfk11,ft11,dtsk11,dtfk12,ft12,dtsk12,dtfk13,ft13,dtsk13,dtfk14,ft14,dtsk14,sum,class
45,78,78,110,110,78,109,109,297,109,109,79,109,109,31,78,63,125,78,47,234,78,110,156,62,0,16,94,141,62,109,140,16,62,109,203,63,32,78,109,63,16,62,3921,2
46,78,47,78,94,47,94,93,203,63,125,63,62,0,31,141,109,47,203,94,109,32,78,187,63,62,203,110,78,78,63,109,16,78,125,63,94,78,265,110,78,16,78,3845,2
47,78,16,78,328,31,125,78,172,62,109,79,109,0,16,94,93,251,62,125,109,109,63,78,125,813,156,94,141,62,109,140,16,62,109,203,63,78,219,78,63,16,62,4874,2
48,375,16,78,78,94,62,62,94,94,94,156,250,250,31,141,47,125,94,109,62,94,109,78,141,93,157,235,156,63,62,94,62,94,109,47,78,156,63,109,93,47,110,4562,2
49,94,31,78,219,31,110,63,62,47,47,47,62,0,32,141,62,94,16,47,125,156,78,125,110,172,219,47,63,62,63,79,78,62,94,62,266,16,78,31,110,31,78,3488,2
50,171,63,16,218,63,31,94,47,125,94,156,250,62,94,94,32,46,172,63,15,62,109,78,94,953,1047,47,156,63,62,94,62,94,109,47,78,78,110,172,93,47,110,5671,2
66,109,47,172,172,31,78,78,16,94,94,141,250,250,47,47,94,15,63,62,47,62,47,31,47,0,31,94,63,62,78,32,141,31,16,78,16,16,78,47,63,31,78,3049,2
67,63,15,109,110,62,109,94,31,94,78,172,16,0,47,47,78,172,47,47,125,16,94,31,49,141,31,47,15,63,78,31,94,31,968,63,125,16,78,16,63,31,110,3707,2
68,32,93,16,110,188,62,62,16,78,94,141,250,906,1000,47,78,31,141,94,203,78,91,875,968,735,797,47,63,62,78,32,141,31,16,78,16,110,15,93,63,31,78,8140,2
75,62,16,109,109,16,62,62,32,78,78,31,109,109,31,63,32,140,47,62,32,78,62,110,94,0,47,94,16,188,359,218,47,16,16,47,62,16,78,16,47,46,63,3000,2
76,47,359,94,63,15,47,63,15,32,62,16,47,0,15,94,359,78,47,31,47,16,62,94,78,79,93,94,62,63,94,94,15,62,94,156,16,16,78,15,63,47,47,2969,2
77,63,78,16,110,203,16,78,15,79,78,31,109,0,31,94,59,32,79,125,78,78,62,78,94,703,766,31,16,188,359,218,47,16,16,47,62,47,15,94,47,46,63,4467,2
84,172,437,94,94,94,78,78,94,94,94,31,140,140,31,62,94,141,219,93,16,94,94,110,78,94,125,94,125,63,109,62,94,62,78,94,109,125,78,94,78,78,62,4296,2
85,219,15,94,125,16,78,94,62,94,94,62,78,0,16,62,109,62,110,31,109,125,94,203,78,94,46,32,78,78,63,94,109,62,109,78,78,16,78,46,78,63,78,3310,2
86,140,110,16,219,31,63,94,47,78,94,31,140,109,16,78,63,78,94,109,16,78,62,79,109,937,63,31,125,63,109,62,94,62,78,94,109,78,94,78,78,78,62,4249,2
87,57,4369,113,113,168,69,69,166,90,90,63,80,80,442,110,65,101,192,89,36,79,79,96,80,78,297,141,47,78,78,69,111,41,63,78,109,81,37,78,33,69,61,8445,2
88,192,4,79,68,80,72,98,49,65,78,31,78,70,411,65,78,94,187,89,24,81,94,94,78,172,94,406,58,68,150,78,94,94,141,62,141,79,13,85,78,63,78,4213,2
89,74,6,79,39,136,79,79,21,104,90,63,80,73,185,103,109,31,172,11,73,31,47,94,141,74,258,89,47,78,78,69,111,41,63,78,109,78,15,94,33,69,61,3365,2
102,110,156,125,125,31,94,94,172,109,109,63,172,172,47,109,63,78,94,79,78,78,109,156,94,78,109,63,110,250,78,156,63,141,78,47,125,15,63,78,78,78,125,4252,2
103,94,15,94,78,125,78,78,62,63,156,16,78,0,31,109,78,94,62,109,94,15,110,109,94,141,78,110,78,78,63,110,47,62,109,94,62,410,94,62,109,172,125,3846,2
104,187,78,410,110,15,94,78,109,78,109,63,172,0,15,109,47,93,141,93,172,94,141,125,109,828,94,109,110,250,78,156,63,141,78,47,125,125,266,109,78,78,125,5502,2
117,93,32,125,125,47,63,63,0,93,93,32,187,187,0,78,93,47,125,63,31,78,78,94,94,562,110,78,16,94,78,94,78,47,63,15,78,20,88,78,109,16,93,3638,2
118,125,32,94,47,125,32,94,16,93,62,16,62,110,31,78,78,78,78,47,117,20,94,47,156,94,78,15,47,47,63,94,31,63,109,172,15,32,32,421,63,46,125,3279,2
119,78,78,32,125,32,78,78,16,93,93,32,187,109,47,63,16,94,94,63,15,78,94,47,109,719,94,47,16,94,78,94,78,47,63,15,78,125,15,125,109,16,93,3657,2
120,62,141,78,78,109,63,63,94,78,78,219,62,62,31,47,46,157,62,63,109,47,94,109,63,78,109,94,547,63,1015,79,125,62,63,203,62,62,188,46,47,47,78,4983,2
121,62,78,63,62,125,47,47,125,46,62,63,78,63,94,78,1015,78,125,79,125,62,63,109,63,125,94,78,31,828,62,93,110,93,188,62,485,47,172,63,63,62,63,5531,2
122,31,109,47,47,125,78,47,125,62,78,219,62,47,78,109,79,62,125,94,219,47,63,94,188,79,171,79,547,63,1015,79,125,62,63,203,62,63,125,78,47,47,78,5221,2
156,109,125,109,109,79,78,78,109,125,125,63,109,109,47,125,78,109,94,94,0,94,94,78,110,109,47,125,63,78,109,78,93,203,94,47,78,47,78,63,79,31,78,3750,2
157,94,16,78,156,15,78,78,63,78,94,31,110,78,78,187,109,79,46,16,62,47,109,78,94,63,93,125,78,78,78,109,110,62,94,94,62,78,78,94,78,31,94,3373,2
158,125,0,78,94,78,94,94,15,94,125,63,109,93,78,110,78,78,63,94,31,78,94,93,94,843,984,16,63,78,109,78,93,203,94,47,78,94,31,141,79,31,78,5093,2
171,93,47,125,125,47,110,110,93,94,94,31,79,79,31,140,47,109,94,78,16,46,110,78,78,172,78,94,31,62,79,125,62,109,110,15,94,31,78,16,94,16,78,3298,2
172,94,16,62,125,62,125,62,47,47,78,32,78,98,59,124,79,62,125,62,94,31,94,62,94,62,94,78,63,78,93,79,93,140,78,78,0,62,32,93,93,32,62,3122,2
173,79,31,62,31,156,344,46,110,62,94,31,79,94,31,125,62,16,62,78,16,94,78,78,78,609,94,62,31,62,79,125,62,109,110,15,94,62,32,78,94,16,78,3749,2
177,94,31,78,78,125,79,79,46,79,79,15,140,140,47,90,78,62,94,109,0,62,110,93,47,94,46,140,47,63,78,94,94,47,78,0,78,16,78,0,94,16,78,2996,2
178,94,0,63,16,62,94,62,579,78,78,32,94,0,16,93,78,172,31,31,140,16,78,63,78,31,125,0,63,78,78,78,94,78,94,78,31,78,15,79,62,16,94,3220,2
179,62,16,78,78,94,63,62,32,78,79,15,140,0,63,125,0,63,31,62,31,78,109,78,94,781,94,31,47,63,78,94,94,47,78,0,78,94,15,110,94,16,78,3423,2
180,63,343,63,63,219,46,46,188,47,47,62,78,78,125,79,47,156,63,62,16,62,156,156,94,62,157,78,94,62,156,63,109,62,110,234,31,47,78,110,62,31,47,3952,2
181,63,0,78,125,47,47,47,94,47,93,47,63,125,62,141,156,47,141,110,62,47,78,125,63,156,63,125,32,125,47,62,125,63,140,63,94,16,78,47,47,47,62,3300,2
182,203,47,16,63,203,16,62,94,47,47,62,78,79,46,110,78,47,156,62,16,62,47,63,140,922,62,110,94,62,156,63,109,62,110,234,31,62,47,63,62,31,47,4171,2
183,140,31,141,141,31,109,109,47,94,94,62,172,172,15,100,78,62,125,94,46,63,94,109,78,94,16,93,78,47,62,141,62,125,110,109,94,16,93,32,94,47,62,3582,2
184,125,32,110,172,16,78,94,31,78,93,32,78,94,46,110,62,141,62,16,141,16,94,109,63,78,62,94,47,94,46,109,31,110,110,78,47,16,78,47,78,62,79,3159,2
185,31,109,16,250,31,94,63,78,94,94,62,172,78,94,125,141,0,78,79,15,94,516,94,110,828,968,16,78,47,62,141,62,125,110,109,94,79,46,94,94,47,62,5580,2
186,63,78,78,78,94,62,62,63,62,62,63,78,78,62,79,62,94,78,63,78,62,78,94,62,62,63,124,109,62,94,78,93,63,63,78,62,47,31,78,63,47,62,3012,2
187,78,62,79,47,109,63,62,63,62,63,78,63,63,125,62,94,188,15,78,125,47,63,125,62,94,157,62,62,78,63,78,94,63,79,93,78,78,47,62,78,62,63,3267,2
188,94,78,78,47,109,63,62,47,78,62,63,78,47,125,63,0,93,94,62,78,63,78,843,79,62,63,78,109,62,94,78,93,63,63,78,62,63,31,125,63,47,62,3780,2
192,109,47,63,63,47,31,31,16,78,78,47,125,125,47,47,110,62,47,93,16,78,78,16,78,594,78,94,15,78,78,47,63,109,16,110,62,16,47,94,78,0,31,3142,2
193,47,16,78,31,78,78,78,16,110,16,93,32,484,500,47,78,94,0,609,47,16,16,63,31,110,31,93,31,63,78,31,62,79,78,109,62,0,94,16,16,94,16,3721,2
194,94,156,0,32,78,47,78,0,110,78,47,125,0,47,62,78,31,110,31,78,94,78,0,78,0,547,609,15,78,78,47,63,109,16,110,62,16,93,78,78,0,31,3562,2
195,94,32,109,109,703,78,78,94,62,62,157,78,78,172,62,63,93,94,79,78,93,94,109,63,125,141,266,141,62,79,79,78,78,78,63,93,94,15,94,62,31,79,4392,2
196,94,16,93,78,110,62,78,141,63,93,0,94,109,157,78,79,78,93,125,141,94,110,93,94,15,125,47,94,78,78,78,110,78,141,78,94,78,47,78,78,94,94,3658,2
197,110,78,78,93,125,63,93,79,78,62,157,78,47,156,94,62,172,15,140,63,78,79,78,141,0,32,125,141,62,79,79,78,78,78,63,93,94,156,94,62,31,79,3643,2
201,94,109,62,62,141,63,63,93,63,63,94,78,78,187,63,63,140,94,63,62,47,63,109,63,93,47,110,156,63,109,78,94,63,78,188,78,78,78,78,47,78,63,3596,2
202,94,47,63,78,125,62,78,78,63,62,63,62,63,62,78,109,63,172,62,94,78,78,125,63,110,78,109,63,78,78,63,109,78,156,62,125,63,78,62,63,62,47,3406,2
203,63,62,63,78,125,47,47,109,63,63,94,78,63,140,47,63,62,110,63,47,78,62,78,156,110,94,62,156,63,109,78,94,63,78,188,78,47,47,94,47,78,63,3410,2
207,78,47,157,157,62,125,125,46,156,156,0,78,78,78,180,78,109,94,63,16,78,266,47,62,0,16,141,78,94,62,31,109,47,46,93,0,31,94,47,78,31,63,3397,2
208,94,15,94,110,47,94,125,110,78,15,78,47,141,47,187,62,94,219,62,47,31,156,63,70,110,20,165,94,62,63,15,125,46,1390,63,141,16,94,94,93,0,63,4740,2
209,47,47,16,16,94,0,78,15,94,156,0,78,0,15,172,94,15,110,125,94,94,31,1312,1390,984,1094,62,78,94,62,31,109,47,46,93,0,63,31,156,78,31,63,7215,2
219,62,79,109,109,78,94,94,94,78,78,62,109,109,31,125,63,125,78,94,141,31,110,125,109,94,93,94,63,78,94,141,0,62,15,93,32,31,78,63,78,32,93,3421,2
220,78,125,93,0,109,16,94,109,63,47,78,31,110,31,125,94,78,109,78,78,31,156,15,111,120,94,62,94,94,46,63,172,16,0,125,500,78,78,94,63,93,78,3729,2
221,78,31,78,97,46,94,31,78,156,78,62,109,0,0,94,0,187,120,78,47,109,63,109,0,735,78,78,63,78,94,141,0,62,15,93,32,78,94,78,78,32,93,3667,2
